Name,ID
W19-C1,229_1
W19-C2,229_2
W19-C3,229_3
W19-F1,229_4
W19-F2,229_5
W19-F3,229_6
W20-C1,229_7
W20-C2,229_8
W20-C3,229_9
W20-F1,229_10
W20-F2,229_11
W20-F3,229_12
W21-C1,229_13
W21-C2,229_14
W21-C3,229_15
W21-F1,229_16
W21-F2,229_17
W21-F3,229_18
W22-C1,229_19
W22-C2,229_20
W22-C3,229_21
W22-F1,229_22
W22-F2,229_23
W22-F3,229_24
W23-C1,229_25
W23-C2,229_26
W23-C3,229_27
W23-F1,229_28
W23-F2,229_29
W23-F3,229_30
W24-C1,229_31
W24-C2,229_32
W24-C4,229_33
W24-F1,229_34
W24-F2,229_35
W24-F3,229_36
W25-C1,229_37
W25-C2,229_38
W25-C3,229_39
W25-F1,229_40
W25-F2,229_41
W25-F3,229_42
W26-C2,229_43
W26-C3,229_44
W32-C1,229_45
W32-C2,229_46
W32-C4,229_47
W32-F1,229_48
W32-F2,229_49
W32-F3,229_50
W34-C2,229_51
W34-C3,229_52
W34-C4,229_53
W34-F2,229_54
W34-F3,229_55
W34-F4,229_56
W35-C1,229_57
W35-C2,229_58
W35-F2,229_59
W35-F3,229_60
W36-C2,229_61
W36-C3,229_62
W36-C4,229_63
W36-F1,229_64
W36-F3,229_65
W36-F4,229_66
W37-C1,229_67
W37-C2,229_68
W37-C3,229_69
W37-F1,229_70
W37-F2,229_71
W40-F1,229_72
W38-C1,229_73
W38-C2,229_74
W38-C3,229_75
W38-F2,229_76
W38-F3,229_77
W38-F4,229_78
W39-C1,229_79
W39-C2,229_80
W39-C3,229_81
W39-F1,229_82
W39-F2,229_83
W39-F3,229_84
W40-C2,229_85
W40-C3,229_86
W40-C4,229_87
W37-F3,229_88
W40-F2,229_89
W40-F3,229_90
W41-C1,229_91
W41-C2,229_92
W41-C3,229_93
W41-F1,229_94
W41-F2,229_95
W41-F3,229_96
W28-C2,229_197
W35-C4m,P191_1
W35-F4m,P191_2
W26-C1,P191_3
W26-F2,P191_4
W26-F3,P191_5
W26-F4,P191_6
W28-C3,P191_7
W28-C4,P191_8
W28-F1,P191_9
W28-F3,P191_10
W28-F4,P191_11
W31-C1,P191_12
W31-C2,P191_13
W31-C3,P191_14
W31-F1,P191_15
W31-F2,P191_16
W31-F3,P191_17